d4cbfeed,math_p1,math
c1b5f27b,math_p2,math
6f698888,math_p3,math
0522d838,math_p1,math
c119ad9a,math_p2,math
22c75b73,math_p3,math
32c1dcf0,math_p4,math
cbf8d576,math_p5,math
453a1018,math_p6,math
6a385ecd,math_p7,math
d0560e22,math_p8,math
38691d14,math_p9,math
938d0019,math_p10,math
13714ea0,math_p11,math
30a73391,math_p12,math
26a04b9d,math_p13,math
f2a9a32e,math_p14,math
0bcd6c82,math_p15,math
fe19ac47,math_p16,math
a46f8bba,math_p17,math
95af8f9a,math_p18,math
3f63490c,math_p19,math
72027c18,math_p20,math
a9ba2de4,math_p21,math
78ca8fbc,math_p22,math
4bb4403d,math_p23,math
654d3c16,math_p24,math
96433888,math_p25,math
a53927ab,math_p26,math
3601809e,math_p27,math
4a9897d5,math_p28,math
